code,label,abbreviation
AFCO,Committee on Constitutional Affairs,AFCO
AFET,Committee on Foreign Affairs,AFET
AGRI,Committee on Agriculture and Rural Development,AGRI
AIDA,Special Committee on Artificial Intelligence in a Digital Age,AIDA
BECA,Special Committee on Beating Cancer,BECA
BUDE,European Parliament delegation to the Budgetary Conciliation Committee,BUDE
BUDG,Committee on Budgets,BUDG
CONT,Committee on Budgetary Control,CONT
CULT,Committee on Culture and Education,CULT
DEVE,Committee on Development,DEVE
ECON,Committee on Economic and Monetary Affairs,ECON
EMPL,Committee on Employment and Social Affairs,EMPL
ENVI,"Committee on the Environment, Public Health and Food Safety",ENVI
FEMM,Committee on Women’s Rights and Gender Equality,FEMM
IMCO,Committee on the Internal Market and Consumer Protection,IMCO
INGE,"Special Committee on Foreign Interference in all Democratic Processes in the European Union, including Disinformation",INGE
INTA,Committee on International Trade,INTA
ITRE,"Committee on Industry, Research and Energy",ITRE
JURI,Committee on Legal Affairs,JURI
LIBE,"Committee on Civil Liberties, Justice and Home Affairs",LIBE
PECH,Committee on Fisheries,PECH
PETI,Committee on Petitions,PETI
REGI,Committee on Regional Development,REGI
TRAN,Committee on Transport and Tourism,TRAN
