id,label
1002,long-term financing
1005,EU financing
1011,party financing
1015,excise duty
1026,wage determination
1031,floriculture
1033,aircraft fleet
1035,fishing fleet
1036,inland waterway fleet
1039,price fluctuation
1042,fluorine
1051,foundation
1052,fund (EU)
1056,European Regional Development Fund
1063,forest
1073,in-service training
1074,vocational training
1078,supplier
1086,French overseas department and region
1092,fraud
1095,tax evasion
11,international trade
1116,nut
1123,nuclear fusion
1127,Galicia
1130,credit guarantee
1132,investment protection
1136,GATT
1139,gas
114,Council of the European Union
1141,natural gas
1142,gas pipeline
1154,management
1158,waste management
1159,fishery management
1160,management of resources
1163,personnel administration
1164,financial management
1165,management planning
1193,group of companies
12,accession to the European Union
1210,war
1224,animal feedingstuffs
1227,Province of Hainault
1231,disabled person
1232,customs harmonisation
1234,tax harmonisation
1247,holding company
1249,North Holland
1252,approval
1257,work schedule
1270,vegetable oil
1274,hydrocarbon
1275,hydrogen
128,European Council
1280,occupational health
1288,Ile-de-France
13,marketing
1301,registration of a company
1302,immigration
1309,import
1313,direct tax
1316,indirect tax
1317,local tax
1328,tax on investment income
133,conservation of fish stocks
1331,corporation tax
1339,indemnification
134,conservation of resources
1341,insurance indemnity
1354,price index
1357,aeronautical industry
1358,aerospace industry
1361,motor vehicle industry
1364,culture industry
1365,arms industry
1366,audiovisual industry
1368,footwear industry
1370,communications industry
1372,fishing industry
1374,meat processing industry
1376,advanced technology industry
1379,framework agreement
1382,fertiliser industry
1385,telecommunications industry
139,consumption
1391,toy industry
1395,tobacco industry
1401,electrical engineering
1405,information technology industry
1409,allocation of resources
1414,oil industry
1417,iron and steel industry
1418,textile industry
142,energy consumption
1423,trade information
1424,worker information
1425,consumer information
1426,computer systems
1428,information storage and retrieval
1432,offence
1433,transport infrastructure
1439,innovation
1440,flood
1442,food inspection
1445,veterinary inspection
1446,aluminium
1447,harbour installation
1451,EU institution
1452,financial institution
1456,improvement of housing
1457,judicial investigation
1459,financial instrument
1460,EU financial instrument
1462,integration of migrants
1463,economic integration
1464,European integration
1468,regional integration
1469,social integration
1474,agreement (EU)
1475,plant breeding
1476,interest
1483,soil improvement
1484,interpretation of the law
1485,financial intervention
1488,investment
1489,investment abroad
1490,EU investment
1491,direct investment
1492,foreign investment
1496,public investment
1505,Northern Ireland
151,control of constitutionality
1516,thermal insulation
1528,young person
1529,young worker
1538,ruling
1542,rural development
1549,fine
155,shipbuilding
1552,fruit juice
1567,trade agreement
157,worker consultation
1571,powdered milk
1590,foodstuffs legislation
1594,pharmaceutical legislation
1595,plant health legislation
1596,health legislation
1598,veterinary legislation
1606,Central America
161,tariff quota
1616,liberalisation of trade
1618,freedom of association
1619,freedom of expression
1621,freedom of communication
1630,free movement of capital
1631,free movement of goods
1633,free movement of persons
1634,free movement of workers
1637,free circulation
1638,freedom to provide services
164,contract
1640,patents licence
1641,trade licence
1642,export licence
1643,asbestos
1644,import licence
1646,dismissal
1647,collective dismissal
1648,redundancy
1651,Province of Liège
1671,liqueur
1672,liquidation
1675,validation of expenditure
1679,electoral register
1687,property leasing
1690,housing
1696,software
170,taxpayer
1701,Lombardy
1706,fire protection
1707,pollution control measures
1708,fight against crime
1709,fight against wastage
171,administrative check
1718,machinery
1719,agricultural machinery
172,air traffic control
1728,macroeconomics
173,budgetary control
1730,Madeira
1737,labour force
174,management audit
1740,female worker
1742,job preservation
1744,maize
1756,respiratory disease
1759,infectious disease
1761,occupational disease
1763,plant disease
177,pollution control
1776,English Channel
178,liquidity control
1795,EU market
1796,supplies contract
1799,foreign exchange market
180,quality control of industrial products
1800,economic analysis
1801,commodities market
1802,labour market
1804,financial market
1806,domestic market
1810,public contract
1812,official market
1817,marginalisation
1821,trademark
1826,building materials
1828,lighting equipment
1833,electrical equipment
1837,plastics
1838,ASEAN
1839,raw material
1846,general mechanical engineering
185,migration control
1854,disease prevention
186,abuse of power
1864,household
187,EFTA countries
1871,Baltic Sea
1873,Andalusia
1877,North Sea
1879,Mediterranean Sea
1880,mercury
1881,measure having equivalent effect
1885,non-ferrous metal
189,financial control
1895,statistical method
1896,metrology
190,parliamentary scrutiny
1904,Midi-Pyrenées
1907,honey
1909,migration
191,plant health control
1911,return migration
1915,illegal migration
1919,domestic animal
192,health control
1922,occupational migration
1926,working environment
1929,breeding animal
1937,live animal
194,collective agreement
195,airport
1957,modernisation of industry
1971,electronic money
1993,occupational mortality
1994,engine
20,award of contract
2002,capital movement
201,UN convention
2013,mass media
2014,means of agricultural production
202,economic convergence
2026,North-West Atlantic Fisheries Organisation
2028,Province of Namur
2039,air traffic
2040,inland waterway shipping
2041,maritime shipping
2046,collective bargaining
206,administrative cooperation
2061,Province of Antwerp
2062,standard of living
207,trade cooperation
2075,Nord-Pas-de-Calais
2077,standard
208,cultural cooperation
2081,marketing standard
209,economic cooperation
2093,International Civil Aviation Organisation
2095,cooperation agreement
2096,stateless person
2098,bond
210,European cooperation
2105,OECD
2108,Antarctic Ocean
211,financial cooperation
2110,Atlantic Ocean
2111,Indian Ocean
2112,Pacific Ocean
2126,job vacancy
2130,International Labour Organisation
2136,olive
2137,Palestine Liberation Organisation
214,institutional cooperation
2140,European Ombudsman
2141,International Maritime Organisation
2143,World Intellectual Property Organisation
2144,World Health Organisation
2149,banking
2151,exchange transaction
2157,computer
216,international cooperation
2162,public order
2163,EU body
217,judicial cooperation
2173,common organisation of markets
2176,radio equipment
2182,market organisation
2188,world organisation
2189,international organisation
2192,electronic device
2198,Eurostat
220,political cooperation
2206,engineering structure
2208,skilled worker
2215,ozone
2216,payment
2217,advance payment
2220,intra-EU payment
223,scientific cooperation
2236,application of the law
2239,relationship
2243,European Parliament
2247,application of EU law
225,technical cooperation
2255,European party
2256,solar energy end-use applications
2258,political parties
226,cross-border cooperation
2264,shareholding
2269,political involvement
2271,passport
2272,European passport
2275,free-trade agreement
2278,cultural heritage
2281,poverty
2282,ship's flag
2285,associated country
2289,Basque Country
2292,supply
2293,Loire Region
2295,developing countries
2296,overseas countries and territories
2300,third country
2301,toll
2308,sea fishing
2317,shortage
2320,aquaculture
2323,fishing season
2324,transitional period (EU)
2325,driving licence
2329,fishing permit
2330,work permit
2337,legal person
2338,natural person
2342,staff
2349,drivers
2352,crew
2354,Aragon
2355,financial loss
2357,pesticide
2358,small business
2359,small and medium-sized enterprises
2360,smallholding
2363,petition
2374,photovoltaic cell
2378,spare part
2379,Piedmont
2380,international arbitration
2382,fuel cell
2390,anti-crisis plan
2396,arboriculture
2400,transport planning
2406,national planning
2409,seedling
2410,plantation
2412,fodder plant
2414,oleaginous plant
2416,root crop
2418,tropical plant
2428,lead
2433,weight and size
2437,sea fish
2443,common agricultural policy
2447,banking policy
2448,budget policy
2449,trade policy
245,corruption
2450,common commercial policy
2451,EU policy
2452,voluntary restraint agreement
2454,EU employment policy
2455,common fisheries policy
2457,common transport policy
2463,investment policy
2465,development policy
2467,education policy
2468,employment policy
2474,competition policy
2476,fisheries policy
2479,health policy
248,stock-exchange listing
2481,production policy
2491,pay policy
2494,transport policy
2495,credit policy
2496,housing policy
2497,economic policy
2498,energy policy
2499,European defence policy
2504,fiscal policy
2516,EU regional policy
2518,structural policy
2520,common tariff policy
2521,pollutant
2523,water pollutant
2524,pollution
2526,noise pollution
2527,air quality
2530,water pollution
2534,soil pollution
2535,marine pollution
2537,organic pollution
2538,pollution from agricultural sources
2540,stratospheric pollution
255,Court of Justice of the European Union
2551,working population engaged in agriculture
2556,fishing agreement
256,European Court of Auditors
2574,budgetary power
2579,supervisory power
259,migratory movement
2590,generalised preferences
2602,provision of services
2606,loan
2609,Community loan
2611,prevention of pollution
2614,medium-term forecast
2615,budget estimate
2626,polluter pays principle
2628,armed forces
2629,decision-making
2635,import price
2647,military equipment
265,investment cost
2652,retail price
2653,wholesale price
2654,price of energy
2688,arts
2698,budgetary procedure
2699,civil procedure
2701,judicial proceedings
2704,criminal procedure
2709,agricultural production
2710,food production
2711,animal production
2712,craft production
2713,EU production
2715,energy production
2718,fishery product
2723,crop production
2730,fruit product
2734,agricultural product
2735,foodstuff
2737,animal product
2738,meat product
2739,chemical product
2743,frozen product
2746,packaging product
2747,polishing and scouring preparations
2754,wood product
2758,industrial product
2761,gross domestic product
2766,metal product
2771,originating product
2773,pharmaceutical product
2777,refrigerated product
2781,sensitive product
2785,veterinary medicinal product
279,wage cost
2792,action programme
2795,research programme
2798,investment project
2802,industrial project
2805,investment promotion
2808,election campaign publicity
2809,proposal (EU)
2815,real property
2816,industrial property
2817,intellectual property
2823,prostitution
2824,noise protection
2825,environmental protection
2826,protection of animal life
2827,protection of plant life
2828,protection of privacy
283,artistic creation
2830,protection of animals
2831,protection of shareholders
2832,protection of communications
2834,protection of minorities
2835,diplomatic protection
2836,consumer protection
284,job creation
2842,soil protection
285,credit
2850,protocol to an agreement
2859,publication
2860,EU publication
2862,advertising
2863,advertising malpractice
2864,publication of accounts
2868,professional qualifications
2869,quality of the environment
2871,product quality
2872,quantity of fish landed
2873,socially disadvantaged class
2879,catch quota
2883,broadcasting
289,consumer credit
2894,activity report
2897,approximation of laws
2900,basis of tax assessment
2901,ratification of an agreement
2905,rearmament
2906,reinsurance
2907,census
2908,population census
2910,economic recession
2911,revenue
2914,research
2917,energy research
2921,fishery research
2923,medical research
2924,scientific research
2932,recognition of diplomas
2933,economic reconstruction
2936,industrial conversion
2943,recruitment
2947,waste recycling
2957,tariff reduction
296,payment appropriation
2965,aid to agriculture
2966,referendum
2968,administrative reform
2969,reform of the CAP
2982,judicial reform
2985,plant health product
2986,refugee
30,satellite communications
3001,fishing licence
3003,aid system
3010,electronic mail
3011,cross-frontier data flow
3017,transmission network
3024,information storage
3027,computer crime
3028,data-processing law
3030,artificial intelligence
3032,EU Official Journal
3039,Brussels region
305,Crete
3052,less-favoured region
3055,police checks
3057,civil defence
3061,Flanders (Belgium)
3064,frontier region
3069,aid for restructuring
3071,aid to industry
3073,Mediterranean region (EU)
3075,aid to refugees
3076,aid to disaster victims
3077,development aid
3083,economic accounts for agriculture
3084,Walloon region (Belgium)
3085,impact study
3086,economic consequence
3090,large vehicle
310,economic growth
3100,ship's passport
3109,transport market
3110,vehicle registration
3112,settlement of disputes
3114,high-speed transport
3115,transport document
3116,driving period
3117,roadworthiness tests
3118,travel agency
3119,financial regulation
3123,trade regulations
3125,airline
3129,shipping policy
3133,storage of waste
3135,toxic substance
3136,non-polluting vehicle
3139,environmental impact
3140,environmental monitoring
3143,speed control
3144,water management
3148,regulation of investments
3150,wildlife
3151,insurance
3152,price regulations
3156,customs regulations
3159,motor vehicle pollution
3160,transport regulations
3161,oil pollution
3162,metal pollution
3163,pollution from ships
3164,industrial pollution
3165,market stabilisation
3167,import levy
3169,illicit trade
3172,regulation of transactions
3173,designation of origin
3178,customs territory (EU)
318,cereal-growing
3181,simplification of formalities
3183,specification of tariff heading
3185,trade relations
3190,export (EU)
3191,import (EU)
3193,goods and services
3209,labour relations
322,fruit-growing
3220,private-sector liquidity
3236,transfer pricing
3239,monetary relations
3246,credit institution
3248,electronic banking
3251,banking supervision
3252,bank charges
3253,budget appropriation
3254,general budget
3258,financing of the EU budget
3259,Member States' contribution
3273,remuneration of work
3287,dental medicine
3295,distribution of aid
3299,single market
3303,motor vehicle insurance
3307,artificial reproduction
3312,parental authority
3316,parental responsibility
3320,migrant
3346,European social policy
3347,prevention of delinquency
3348,crime
3350,carry-over of appropriations
3355,drug traffic
3364,health card
337,regions of Denmark
3370,patient's rights
3384,Castile-La Mancha
339,deforestation
3391,Community of Valencia
3392,Region of Murcia
34,insurance company
3400,economic recovery
3408,animal breeding
3409,plant propagation
341,budgetary discharge
3422,information network
3428,transport network
343,waste
3434,firearms and munitions
3437,paramilitary force
3438,road network
3443,reserves
3447,defence expenditure
3450,international security
3452,European arms policy
3453,European security
346,non-recoverable waste
3460,residence
3461,international agreement
3462,bilateral agreement
3463,multilateral agreement
3465,international negotiations
3466,signature of an agreement
3468,international convention
3469,pesticide residue
3472,European convention
3475,termination of a contract
3482,code of conduct
3483,international sanctions
3488,self-sufficiency in food
3489,cooperation policy
3497,liability
3513,criminal liability
3516,reintegration into working life
3518,fight against unemployment
3526,EU national
3529,youth employment
3530,female work
3531,resources of the sea
3532,updating of skills
3535,water resources
3536,soil resources
3537,employment statistics
3538,energy resources
3544,fishery resources
3545,self-employed person
3551,renewable resources
3554,additional resources
3558,budgetary resources
3560,own resources
3561,rules of procedure
3567,compulsory insurance
3577,export restriction
3578,diplomatic profession
3579,import restriction
3580,communications profession
3581,restriction on competition
3584,trade restriction
3598,artistic profession
36,EU competence
3605,agricultural performance
3614,transit
3617,EU industrial policy
3629,handling
3635,producer's liability
3636,new technology
3638,clean technology
3641,technical regulations
3642,product life
3643,defective product
3645,technical specification
3646,European standard
3647,international standard
3648,harmonisation of standards
365,tax relief
3656,EU research policy
3663,designs and models
3665,trademark law
3669,company research
3671,military research
3673,third-party insurance
3679,farmers' income
368,budget deficit
3681,transport of dangerous goods
3685,taxable income
3686,national income
3703,amendment of a law
371,degradation of the environment
3711,North Rhine-Westphalia
3717,Eurofound
372,job access
3730,health risk
3734,storage of hydrocarbons
3737,energy industry
3741,energy-generating product
3743,coal industry
3745,coalmining policy
3751,pension scheme
376,job application
3776,aviation fuel
3785,siting of power stations
3796,bio-industry
3797,biotechnology
381,democracy
3810,chemical compound
3813,medicinal product
3815,hormone
3817,organic chemical
3820,metallurgical industry
3824,iron and steel product
3839,seizure of goods
3840,cycle and motorcycle industry
3843,pay
3844,medical device
3850,minimum pay
3854,wage earner
3860,telecommunications equipment
3862,administrative sanction
3866,sanction (EU)
3870,economic sanctions
3878,penalty
388,Euratom Supply Agency
3885,public health
3891,Sardinia
3899,social rights
3900,political rights
3906,freedom of movement
3908,anti-discriminatory measure
3913,gender equality
3914,academic freedom
3916,children's rights
3919,child protection
392,expenditure
3927,contractual liability
394,budgetary expenditure
3942,financial solvency
3945,illegal restraint
3951,tax offence
3959,confiscation of property
3974,rights of the defence
3980,preliminary ruling procedure
3986,international court
399,national expenditure
3993,threat to national security
4001,use of outer space
4003,foreign national
4004,residence permit
4005,admission of aliens
4025,security of supply
403,public expenditure
4030,external competence (EU)
4031,Protocol (EU)
4033,transport safety
4036,product safety
4038,European Commission
4039,occupational safety
4047,road safety
4048,association agreement (EU)
4050,social security
4055,EDF
4056,European Social Fund
4057,enlargement of the Union
4063,European Union membership
407,sales agent
4074,environmental risk prevention
4078,customs duties
408,bank deposit
4080,CCT duties
4081,seed
4082,weights and measures
4083,preserved product
4087,personal weapon
4093,separation of powers
4097,cultural pluralism
4099,service
4104,after-sales service
4113,employment service
4115,capital increase
4116,health service
412,man-made disaster
4125,EU control
4128,peripheral region
4129,island region
413,natural disaster
4130,most favoured nation
4136,public service
4140,secret service
4158,head office
4163,pet food
4166,insurance claim
4172,Canary Islands
4179,institutional activity
4181,institutional reform
4182,competence of the institution
4185,space policy
4189,organisation
4190,public limited company
4195,investment company
4197,bus
42,jurisdiction
4203,parent company
4204,non-profit organisation
4209,care of the disabled
4210,soya bean
4215,sorghum
4220,source of information
4232,subcontracting
424,public debt
4250,economic stabilisation
4257,agricultural statistics
4258,EU statistics
4259,population statistics
4261,motor car
4262,economic statistics
4271,regulations for civil servants
4274,legal status
4280,stock
429,industrial development
4291,storage
4298,agricultural structure
4307,carcinogenic substance
4308,dangerous substance
431,regional development
4313,branch
4314,sugar
4327,utilised agricultural area
4347,market supervision
434743,climate change policy
434786,adaptation to climate change
4348,suspension of aid
434843,emission trading
434880,EU Emissions Trading Scheme
434938,joint implementation
434966,emission allowance
4350,suspension of customs duties
435007,EU emission allowance
435061,carbon capture and storage
435098,human cloning
435164,energy cooperation
4352,silviculture
435330,EU competition policy
435469,alternative dispute resolution
4359,information system
4360,management information system
4362,accounting system
4367,electoral system
4368,European electoral system
4369,European accounting system
437422,European Neighbourhood and Partnership Instrument
437655,digital literacy
4381,common customs tariff
4385,tariff preference
4386,passenger tariff
4387,charges for use of infrastructure
438855,EU budget
4390,exchange rate
4392,VAT rate
439498,Court of Justice (EU)
4398,axle tax
4400,import tax
4402,countervailing charge
440238,ordinary legislative procedure
4406,business tax
440605,delegated decision
4408,civil aviation
4409,vehicle tax
441,dissemination of information
441001,executive agency
4412,cultivation techniques
4414,building services
4415,technology
441716,EU loan
4419,soft technology
4420,energy technology
4424,telecommunications
442821,ACP-EU relationship
442884,pet shop
442917,administration headquarters
4434,evidence
4435,rest period
4438,aircraft
4452,terrorism
4455,therapeutics
4464,ticket
4470,tourism
4472,sunflower
447472,European External Action Service
4475,drug addiction
447660,European GNSS Agency
447756,European Institute for Gender Equality
447795,European Institute of Innovation and Technology
447917,European Union Agency for the Cooperation of Energy Regulators
447958,European Union Agency for Asylum
4480,ECSC Treaty
448275,European Joint Undertaking
4485,water treatment
4488,data processing
449,directive (EU)
4490,plant health treatment
4491,financial transaction
4493,capital transfer
4495,transfer of population
45,competitiveness
4502,data transmission
4504,abortion
4505,air transport
4506,combined transport
450652,EAGF
450658,EAFRD
4507,energy transport
4509,carriage of goods
4511,carriage of passengers
4514,rail transport
4515,inland waterway transport
4518,inland transport
4519,international transport
4520,international road transport
4521,intra-EU transport
4522,maritime transport
4526,national transport
4527,cable transport
453,access to information
4533,road transport
454,sexual discrimination
4540,cross-border transport
4542,carrier
455,economic discrimination
4559,worker with disabilities
4560,Baden-Württemberg
4562,migrant worker
4568,Trentino-Alto Adige
4585,VAT
4600,customs union
4602,Economic and Monetary Union
462,regional disparity
4622,transport user
4627,use of aid
4628,use of water
4629,energy use
4630,land use
4635,vaccine
4636,vaccination
4640,Valle d'Aosta
4646,securities
4651,vehicle
4653,two-wheeled vehicle
4654,motor vehicle
4656,electric vehicle
4658,commercial vehicle
4663,sale
4668,auction sale
4672,duty-free sale
4673,distance selling
4675,auditing
4682,beef
4687,poultrymeat
4689,fresh meat
4690,Western Balkans
4692,pigmeat
4700,integration into employment
4713,wine
4720,fortified wine
4727,sexual violence
4728,violence
4756,roll-call vote
4767,travel
4768,package travel
477,electricity supply
4788,catch area
4790,fishing area
4791,exclusive economic zone
4801,protected area
4809,urban area
4821,database
4827,vessel
4828,commodity agreement
4829,fishing vessel
4831,building
4833,industrial building
4835,Bavaria
4836,tariff agreement
4838,European Investment Bank
4851,manpower needs
4855,financial requirements
4878,consumer goods
488,identity document
4886,energy market
4891,biodegradability
492,official document
497,damage
499,damages
5,retail trade
50,electronic component
5018,alcoholic beverage
5034,cattle
5038,Province of Walloon Brabant
5043,European patent
5052,national budget
5059,amending budget
5065,steel
5070,administrative formalities
5076,Azores
5083,ACP countries
5104,cancer
513,right to information
5136,judgment of the Court (EU)
5152,transport capacity
5156,capital market
5158,general budget (EU)
516,right to justice
5160,cultural prize
518,air law
5181,data protection
5185,audiovisual co-production
5187,audiovisual production
5188,information technology
519,anti-dumping duty
5195,telephone charges
5201,self-sufficiency in energy
5204,transfer of competence
5206,services company
5209,road cabotage
521,law of banking
5212,cross-channel connection
5219,forest conservation
5228,fishing regulations
5229,fishing controls
523,civil law
5230,capital city
5231,perennial vegetable
5233,quality standard
5234,safety standard
5235,technical standard
5237,research and development
5239,space technology
524,commercial law
5240,foreign capital
5242,natural rubber
5253,by-catch
5254,authorised catch
5255,catch of fish
5256,catch by species
5261,carbon
5262,motor fuel
5268,commercial transaction
5271,criminal record
5273,Catalonia
5274,catalogue
5280,woman
5283,EU Member State
5293,blood transfusion
5296,custody
5303,cytology
5307,medical examination
5309,building safety
5310,European Environment Agency
5312,European symbol
5315,EU programme
532,right of establishment
5324,driving instruction
5327,ECSC
5330,internal border of the EU
5333,impact of information technology
5334,disclosure of information
5335,military intervention
5342,Cedefop
5343,European Community
5344,EAEC
535,environmental law
5360,cereals
5362,share
5369,health certificate
538,fundamental rights
5382,social change
5383,technological change
5386,coal
5389,shareholder
539,competition law
5399,access to EU information
54,accounting
540,family law
5400,access to the courts
5403,trade agreement (EU)
5404,cooperation agreement (EU)
5405,Schengen Agreement
5407,interim agreement (EU)
5410,electricity storage device
5411,Community acquis
5413,EU action
5414,civil proceedings
5415,criminal proceedings
542,law of the sea
5420,accession to an agreement
5421,administration of the Institutions
5426,European Medicines Agency
5427,European Agency for Safety and Health at Work
5429,parking area
5432,embassy
544,fishing rights
5440,gas appliance
5441,information technology applications
545,access to a profession
5451,market approval
5456,legal basis
5458,Belarus
5461,dual-use good
5462,animal welfare
5463,biodiversity
5465,money laundering
5472,Community support framework
548,right to vote
5481,Community certification
5482,climate change
5486,international charter
549,insurance law
5492,unfair terms of contract
5493,contract terms
5498,codification of EU law
5499,economic and social cohesion
550,patent law
5503,heating
5508,European Committee of the Regions
5509,joint committee (EU)
5511,comitology
5518,powers of the EP
5519,powers of the institutions (EU)
553,rights of minorities
5535,consulate
5537,financial compensation of an agreement
5539,GNP contribution
554,company law
5540,border control
5541,control of State aid
5542,export monitoring
5545,customs cooperation
5546,environmental cooperation
5548,interinstitutional cooperation (EU)
5550,judicial cooperation in criminal matters in the EU
5551,police cooperation
5552,EU police cooperation
5554,coordination of financing
5559,claim
5560,organised crime
5561,eligibility criteria
5565,cyclone
557,labour law
5570,insider trading
5571,environmental offence
5572,sexual offence
5573,product designation
5574,withdrawal from an agreement
5575,agricultural expenditure
5576,EU expenditure
5577,administrative expenditure (EU)
5578,research expenditure (EU)
5581,derogation from EU law
5585,sustainable development
5587,social dialogue
5588,social dialogue (EU)
5589,dissemination of EU information
5590,budgetary discipline (EU)
5594,medical data
5595,personal data
5597,right of asylum
56,national accounts
560,financial legislation
5606,drafting of EU law
561,tax law
5612,protective equipment
5613,computer equipment
5618,European Economic Area
5620,drawing up of the EU budget
5622,rule of law
563,forestry legislation
5630,Europol
5636,facilities for the disabled
5640,operation of the Institutions
5642,European Training Foundation
5643,Cohesion Fund
5645,European Investment Fund
5648,fraud against the EU
5649,external border of the EU
5650,greenhouse gas
566,private international law
5674,EU initiative
5675,EU growth strategy
568,organic farming
5682,economic instrument for the environment
5683,bad weather
5684,systems interconnection
5695,Kosovo
5696,eco-label
57,tax authorities
5707,liberalisation of the market
5708,freedom of the skies
571,national law
5710,hiring
5713,North Macedonia
5725,services contract
5726,EC conformity marking
5729,EMS exchange-rate mechanism
573,criminal law
5736,Black Sea
5739,national implementing measure
574,economic offence
5742,marine environment
5744,fact-finding mission
5749,negotiation of an agreement (EU)
5752,drugs classification
5753,non-proliferation of arms
5754,environmental standard
5757,European Monitoring Centre for Drugs and Drug Addiction
576,private law
5765,World Trade Organisation
5768,genetically modified organism
5769,EU office or agency
5771,sponsorship
5779,non-associated country
5780,Mediterranean third countries
5782,tradeable emission permit
5785,nursing staff
5787,multiannual financial framework
5788,common foreign and security policy
579,agrarian law
5793,pluralism in the media
5794,EU environmental policy
5796,EU visa policy
5798,stratospheric pollutant
5799,indigenous population
5809,proof
5810,accident prevention
5811,mutual recognition principle
5819,recycled product
5823,operational programme
5824,project of common interest
5825,draft budget (EU)
5826,promotion of the European idea
5833,renewal of an agreement
5834,appeal to the European Ombudsman
5839,environmental tax
584,human rights
5840,economic reform
5841,political reform
5842,EU customs procedure
5844,EU financing arrangements
585,women's rights
5856,distribution of EU funding
5861,energy grid
5862,computer network
5864,trans-European network
5866,budgetary reserve (EU)
5868,VAT resource
5870,revision of an agreement
5873,the EU's international role
5877,animal health
5886,farming sector
5887,air safety
5888,security services
5889,maritime safety
5890,earthquake
5891,public awareness campaign
5899,health care
5910,European legal status
5913,fisheries structure
5914,psychotropic substance
5916,drug surveillance
5917,multilateral surveillance
5920,database management system
5921,health care system
5922,computer system
5933,trafficking in human beings
5936,administrative transparency
5937,transparency in decision-making
5940,non-standard employment
5953,infringement of EU law
5956,traveller
5964,turnover
5978,youth unemployment
598,EU waters
5983,unemployment due to technical progress
5992,economic activity
6,wholesale trade
6004,classification
601,spirits
6013,closing of accounts
6029,tax collection
6030,data collection
6044,substitute fuel
6049,committee (EU)
605,international waters
6054,European Economic and Social Committee
6061,structural adjustment
6062,commercial arbitration
6064,audit
6072,Translation Centre for the Bodies of the European Union
6079,European Energy Charter
6084,European Works Council
6088,Internet
6089,electronic commerce
609,groundwater
6093,European Committee for Standardisation
6094,Cenelec
6095,ETSI
6099,recognition of vocational training qualifications
61,account
610,surface water
6100,quality control of agricultural products
6103,hazardous waste
6108,transition economy
611,territorial waters
6110,electronic publishing
6115,GATS
612,wastewater
6125,globalisation
6128,European Union Intellectual Property Office
613,agricultural trade
6132,paedophilia
6133,principle of proportionality
6134,comparative advertising
6139,regulation of telecommunications
6140,information society
6151,euro area
6152,zoonosis
616,exchange of information
6173,trade dispute
6174,company in difficulties
6189,electronic document management
619,intra-EU trade
6191,digitisation
6197,Carinthia
6200,Tyrol
6210,deadline for payment
6212,stability pact
6215,youth policy
6219,European Union Agency for Fundamental Rights
622,trade by product
6222,"area of freedom, security and justice"
6231,discrimination on the basis of sexual orientation
6251,Southern Finland
6254,discrimination based on disability
6256,European Anti-fraud Office
6257,simplification of legislation
6260,DNA
6263,evaluation method
6268,surveillance concerning imports
6274,enhanced cooperation
6297,diffusion of innovations
6304,precautionary principle
6307,traceability
6308,sustainable agriculture
6314,agroforestry
6324,sustainable forest management
6326,European forestry policy
6334,Euribor
6342,European tax cooperation
6345,continuing vocational training
635,market access
6353,labour shortage
6359,non-participating country
6362,benchmarking
6365,service concession
6367,international commercial arbitration
6369,services of general interest
6370,electronic signature
6373,Union for the Mediterranean
6374,aid evaluation
6398,water protection
6400,reduction of gas emissions
6401,environmental liability
6402,environmental statistics
6404,marine ecosystem
6409,unauthorised dumping
6411,electronic waste
642,energy saving
651,forestry economics
6541,EU migration policy
6547,European association
6553,child pornography
6557,domestic violence
6562,European cultural event
6563,cultural promotion
6569,food safety
660,regional economy
6613,psychological harassment
6617,arbitration
6623,independence of the judiciary
6626,Schengen Information System
664,ecosystem
665,euro
666,agro-industry
668,education
6697,energy diversification
6700,energy efficiency
6701,strategic reserves
6703,nuclear research
6708,accession negotiations
6709,common security and defence policy
6723,Eurojust
6727,help for victims
674,adult education
6741,emergency medical treatment
6748,company growth
6751,corporate governance
6756,micro-enterprise
6767,electronic document
677,continuing education
6770,disinformation
6771,Internet access provider
6775,Internet site
6776,mobile phone
6777,video surveillance
6790,organic product
68,local government
681,sex education
6850,sustainable mobility
6851,intelligent transport system
6852,satellite navigation
6855,ground handling
687,equal pay
688,equal treatment
6894,electronic government
6897,governance
6901,automatic vending machine
6913,outsourcing
6916,building technique
6920,cooperation in the field of education
6923,international trade law
694,registration of voters
695,election
697,European election
699,local election
7,arms trade
709,electronics
71,product design
7126,European Food Safety Authority
7130,scientific report
7131,social impact
7132,pre-accession aid
7133,plant variety right
7135,reproductive health
717,right to stand for election
718,waste disposal
7193,International Criminal Court
7195,personal development
720,packaging
7201,business ethics
7218,geographical information system
7219,digital technology
723,employment aid
728,issue of securities
729,issuing of currency
730,transport accident
7352,rights of access
7366,harmonisation law
737,foreign aid
738,EU borrowing
7385,political propaganda
7395,gas supply
7410,biometrics
7411,right to housing
744,soft energy
747,electrical energy
754,renewable energy
758,child
763,commitment of expenditure
764,fertiliser
766,investment aid
77,public administration
7813,Cotonou Agreement
7889,Attica
7927,European Data Protection Supervisor
7932,European neighbourhood policy
7936,European Maritime Safety Agency
7937,European Aviation Safety Agency
7938,European Union Agency for Cybersecurity
7941,language policy
7942,corporate social responsibility
7944,traffic offence
795,vocational education
7950,Internet address
7955,stem cell
7983,European Centre for Disease Prevention and Control
7984,European Chemicals Agency
7985,European Union Agency for Railways
7986,CEPOL
80,terms for aid
800,higher education
81,position of women
810,tariff barrier
813,type of business
816,joint venture
818,transport company
819,foreign enterprise
82,working conditions
820,European undertaking
826,aid to disadvantaged groups
828,multinational enterprise
8281,Nordjylland (region)
8284,European Fisheries Control Agency
8285,stabilisation and association agreement
829,private sector
83,living conditions
830,public sector
831,maintenance
835,aid to undertakings
837,epidemic
838,epidemiology
8412,biofuel
8416,conflict of interest
8423,participatory democracy
8428,civil society
8429,Eurogroup (euro area)
843,budgetary equilibrium
8434,counterfeiting
8439,Frontex
8453,digital evidence
8454,Framework Programme for Research and Development
8459,single payment scheme
8465,appointment of members
8468,principle of legal certainty
8469,financial services
8476,EU-NATO cooperation
848,vehicle parts
8480,judicial cooperation in civil matters in the EU
849,electronic equipment
8492,Nord-Est (Romania)
8549,European Globalisation Adjustment Fund
8550,environmental indicator
856,volcanic eruption
857,slavery
859,air space
86,socioeconomic conditions
862,EU aid
871,establishment
878,public institution
881,emergency aid
885,rule under emergency powers
889,State aid
893,labelling
899,economic aid
903,Eurobond
908,Eurogroup (NATO)
918,project evaluation
92,confidentiality
922,financial aid
924,tax avoidance
929,implementation of the budget
930,enforcement of ruling
932,tariff exemption
933,financial year
935,tax exemption
937,agricultural holding
940,exploitation of the seas
950,removal
952,mining extraction
965,family
976,regional aid
978,EAGGF
986,health aid
998,subsidiary
c_047e5912,European Banking Authority
c_04ae3ba8,information security
c_05f9c614,public data
c_1138d9d2,circular economy
c_165899a6,environmental industry
c_18802d13,ecodesign
c_1af36ac9,food fraud
c_1c478aa5,EU restrictive measure
c_1e7f033d,e-invoicing
c_28c51c2a,rail safety
c_2b2e17b1,EU candidate countries
c_2b70515a,plastic waste
c_2c5a05a0,genetic database
c_2efea99f,work-life balance
c_2ffe4574,virtual currency
c_315af034,marine fuel
c_31da5694,e-Health
c_324b44f1,social media
c_34746c6e,financial transparency
c_3e6af2e7,financial stability
c_406ad4cc,risk management
c_427566b7,strategic partnership (EU)
c_433922a6,cloud computing
c_4523e1dd,food security
c_46c93760,food systems
c_4768a12e,Body of European Regulators for Electronic Communications
c_4c7717f3,public procurement
c_4d5b6dbd,macro-financial assistance
c_4e3beee2,European Maritime and Fisheries Fund
c_4e75f061,information warfare
c_537931f1,sustainable finance
c_57f3c49f,critical infrastructure security
c_59f9c651,EU strategy
c_5b447e3a,crisis management
c_5db9ac34,substance of human origin
c_5ea6e5c4,open data
c_65467c72,illegal logging
c_6547ccb7,Eastern Partnership
c_658ff033,digital transformation
c_6a85e862,high-performance computing
c_6cfce4be,economic governance (EU)
c_6f7bbe63,digital single market
c_70c441cc,transposition deficit
c_71b063b1,national competent authority
c_749f2ce9,green economy
c_79e507c2,financial technology
c_7dda56e2,antimicrobial resistance
c_7f2d2214,UCITS fund
c_814bb9e4,coronavirus disease
c_83235c0f,5G
c_86d7db98,energy transition
c_8702d5f7,sustainable fisheries
c_8a658bb0,"European Agency for the Operational Management of Large-Scale IT Systems in the Area of Freedom, Security and Justice"
c_8a6f744c,withdrawal from the EU
c_8b0ac3e2,EU direct payments
c_8bf65f26,digital economy
c_8d31aed6,integrated maritime policy
c_8de0648a,green marketing
c_8f1cd55b,decentralised cooperation
c_8f56da2a,digital distribution
c_8f89faac,financial supervision
c_95b02746,online platform worker
c_96124aaf,European Securities and Markets Authority
c_98d1408a,water policy
c_9a1bc51d,European Semester
c_9a9e5627,monitoring report
c_9d09fbc3,terrorism financing 
c_9eb9cbaa,posted worker
c_a02c420c,passenger rights
c_a18525ab,financial derivative
c_a4094c9b,Paris Agreement on Climate Change
c_a4590937,extended producer responsibility
c_ab46334d,value chain
c_ab84e157,blockchain
c_abfaf2ea,disease surveillance
c_adf49204,European Public Prosecutor's Office
c_b0c14f45,resettlement of persons
c_b18ab65c,supply chain
c_b19d7503,gender mainstreaming
c_b3e9d826,light-duty vehicle
c_b46c2b62,sustainable product
c_b499ede2,market abuse
c_bbc13d07,expert group (EU)
c_c10e7d2a,European Interoperability Framework
c_c3185a19,freezing of assets
c_c4afa011,healthcare industry
c_c4c48e5c,European citizens' initiative
c_c565cff5,EU banking union
c_c586f36c,digital economy taxation
c_c8363c09,cross-border dimension
c_c9724a74,carbon neutrality
c_ccac12ef,roaming
c_d02647e2,right to reuse information
c_d0e30aa9,European Statistical System
c_d6e0eb67,bank resolution
c_d6e5f3ab,digital content
c_d701b19c,pest
c_d8d35f08,EU energy policy
c_d978c1fc,maritime economy
c_db56b1e0,illegal fishing
c_dcc650ef,alternative investment
c_dcf3f7c0,financial risk
c_e0543dcb,gender-based violence
c_e307d2a8,clinical trial
c_e4f135ba,harassment at work
c_e548b67f,European Union Solidarity Fund
c_e5d85c14,chemicals legislation
c_e5dbcb63,consumer law
c_e749c083,payment system
c_e78f03db,Russo-Ukrainian issue
c_ea7e9390,greenwashing
c_eaccd9f4,data sharing
c_ef31184b,disaster risk reduction
c_f007e95f,capital markets union
c_f2c7a2f7,organic certification
c_f5d6dbf6,international protection
c_f5ed5adb,European Insurance and Occupational Pensions Authority
c_f7430876,search and rescue
c_fa0acac6,food waste
c_fb3022d5,EU international partnership
c_fea6771b,research integrity
c_ff638149,asylum seeker
