code,label,iso_alpha_2
AFG,Afghanistan,AF
AGO,Angola,AO
ALB,Albania,AL
ARE,United Arab Emirates,AE
ARG,Argentina,AR
ARM,Armenia,AM
ATA,Antarctica,AQ
AUS,Australia,AU
AUT,Austria,AT
AZE,Azerbaijan,AZ
BEL,Belgium,BE
BEN,Benin,BJ
BFA,Burkina Faso,BF
BGD,Bangladesh,BD
BGR,Bulgaria,BG
BHR,Bahrain,BH
BIH,Bosnia and Herzegovina,BA
BLR,Belarus,BY
BOL,Bolivia,BO
BRA,Brazil,BR
BRB,Barbados,BB
BWA,Botswana,BW
CAF,Central African Republic,CF
CAN,Canada,CA
CHE,Switzerland,CH
CHL,Chile,CL
CHN,China,CN
CIV,Côte d’Ivoire,CI
CMR,Cameroon,CM
COG,Congo,CG
COK,Cook Islands,CK
COL,Colombia,CO
CPV,Cabo Verde,CV
CUB,Cuba,CU
CYP,Cyprus,CY
CZE,Czechia,CZ
DEU,Germany,DE
DNK,Denmark,DK
DZA,Algeria,DZ
EGY,Egypt,EG
ERI,Eritrea,ER
ESP,Spain,ES
EST,Estonia,EE
ETH,Ethiopia,ET
EUR,European Union,EU
FIN,Finland,FI
FRA,France,FR
GAB,Gabon,GA
GBR,United Kingdom,GB
GEO,Georgia,GE
GHA,Ghana,GH
GIB,Gibraltar,GI
GLP,Guadeloupe,GP
GMB,The Gambia,GM
GNB,Guinea-Bissau,GW
GNQ,Equatorial Guinea,GQ
GRC,Greece,GR
GRL,Greenland,GL
GTM,Guatemala,GT
GUF,French Guiana,GF
GUY,Guyana,GY
HKG,Hong Kong,HK
HND,Honduras,HN
HRV,Croatia,HR
HTI,Haiti,HT
HUN,Hungary,HU
IDN,Indonesia,ID
IND,India,IN
IRL,Ireland,IE
IRN,Iran,IR
IRQ,Iraq,IQ
ISL,Iceland,IS
ISR,Israel,IL
ITA,Italy,IT
JAM,Jamaica,JM
JOR,Jordan,JO
JPN,Japan,JP
KAZ,Kazakhstan,KZ
KEN,Kenya,KE
KGZ,Kyrgyzstan,KG
KHM,Cambodia,KH
KIR,Kiribati,KI
KOR,South Korea,KR
LBN,Lebanon,LB
LBY,Libya,LY
LIE,Liechtenstein,LI
LKA,Sri Lanka,LK
LSO,Lesotho,LS
LTU,Lithuania,LT
LUX,Luxembourg,LU
LVA,Latvia,LV
MAR,Morocco,MA
MDA,Moldova,MD
MDG,Madagascar,MG
MEX,Mexico,MX
MKD,North Macedonia,MK
MLI,Mali,ML
MLT,Malta,MT
MMR,Myanmar/Burma,MM
MNE,Montenegro,ME
MOZ,Mozambique,MZ
MRT,Mauritania,MR
MTQ,Martinique,MQ
MUS,Mauritius,MU
MYS,Malaysia,MY
MYT,Mayotte,YT
NAM,Namibia,NA
NGA,Nigeria,NG
NIC,Nicaragua,NI
NIU,Niue,NU
NLD,Netherlands,NL
NOR,Norway,NO
NZL,New Zealand,NZ
PAK,Pakistan,PK
PAN,Panama,PA
PHL,Philippines,PH
POL,Poland,PL
PRK,North Korea,KP
PRT,Portugal,PT
PRY,Paraguay,PY
PSE,Palestine*,PS
QAT,Qatar,QA
REU,Réunion,RE
ROU,Romania,RO
RUS,Russia,RU
RWA,Rwanda,RW
SAU,Saudi Arabia,SA
SDN,Sudan,SD
SEN,Senegal,SN
SLB,Solomon Islands,SB
SOM,Somalia,SO
SRB,Serbia,RS
STP,São Tomé and Príncipe,ST
SVK,Slovakia,SK
SVN,Slovenia,SI
SWE,Sweden,SE
SWZ,Eswatini,SZ
SYC,Seychelles,SC
SYR,Syria,SY
TCD,Chad,TD
THA,Thailand,TH
TJK,Tajikistan,TJ
TON,Tonga,TO
TUN,Tunisia,TN
TUR,Türkiye,TR
TUV,Tuvalu,TV
TWN,Taiwan,TW
TZA,Tanzania,TZ
UGA,Uganda,UG
UKR,Ukraine,UA
USA,United States,US
UZB,Uzbekistan,UZ
VEN,Venezuela,VE
VNM,Viet Nam,VN
VUT,Vanuatu,VU
XKX,Kosovo*,
YEM,Yemen,YE
ZAF,South Africa,ZA
