{
  "@context": "http://www.w3.org/ns/csvw",
  "url": "groups.csv",
  "dc:created": "2025-09-28T04:00:00.527189+00:00",
  "dc:license": {
    "@id": "https://opendatacommons.org/licenses/odbl/1-0"
  },
  "dc:creator": {
    "@id": "https://howtheyvote.eu"
  },
  "dc:publisher": {
    "@id": "https://howtheyvote.eu"
  },
  "tableSchema": {
    "columns": [
      {
        "name": "code",
        "datatype": "string",
        "required": true,
        "dc:description": "Unique identifier for the political group"
      },
      {
        "name": "official_label",
        "datatype": "string",
        "required": true,
        "dc:description": "Official label as published by the Publications Office of the European Union"
      },
      {
        "name": "label",
        "datatype": "string",
        "required": true,
        "dc:description": "Label based on the official label. Prefixes and suffixes such as \"Group\" are removed for clarity."
      },
      {
        "name": "short_label",
        "datatype": "string",
        "required": true,
        "dc:description": "Short label or abbreviation"
      }
    ]
  },
  "primaryKey": "code",
  "dialect": {
    "header": true
  }
}