{
  "@context": "http://www.w3.org/ns/csvw",
  "url": "oeil_subject_votes.csv",
  "dc:created": "2025-09-28T04:00:00.628808+00:00",
  "dc:license": {
    "@id": "https://opendatacommons.org/licenses/odbl/1-0"
  },
  "dc:creator": {
    "@id": "https://howtheyvote.eu"
  },
  "dc:publisher": {
    "@id": "https://howtheyvote.eu"
  },
  "tableSchema": {
    "columns": [
      {
        "name": "vote_id",
        "datatype": "integer",
        "required": true,
        "dc:description": "Vote ID"
      },
      {
        "name": "oeil_subject_code",
        "datatype": "string",
        "required": true,
        "dc:description": "Subject code"
      }
    ]
  },
  "primaryKey": [
    "vote_id",
    "oeil_subject_code"
  ],
  "dialect": {
    "header": true
  }
}