{
  "@context": "http://www.w3.org/ns/csvw",
  "url": "votes.csv",
  "dc:created": "2025-09-28T04:00:00.607035+00:00",
  "dc:license": {
    "@id": "https://opendatacommons.org/licenses/odbl/1-0"
  },
  "dc:creator": {
    "@id": "https://howtheyvote.eu"
  },
  "dc:publisher": {
    "@id": "https://howtheyvote.eu"
  },
  "tableSchema": {
    "columns": [
      {
        "name": "id",
        "datatype": "integer",
        "required": true,
        "dc:description": "Vote ID"
      },
      {
        "name": "timestamp",
        "datatype": "dateTime",
        "required": true,
        "dc:description": "Date and time of the vote"
      },
      {
        "name": "display_title",
        "datatype": "string",
        "required": false,
        "dc:description": "Title that can be used to refer to the vote. In most cases, this is the title published in the roll-call vote results. If the title in the roll-call vote results is empty, this falls back to the procedure title."
      },
      {
        "name": "reference",
        "datatype": "string",
        "required": false,
        "dc:description": "Reference to a plenary document such as a report or a resolution"
      },
      {
        "name": "description",
        "datatype": "string",
        "required": false,
        "dc:description": "Description of the vote as published in the roll-call vote results"
      },
      {
        "name": "is_main",
        "datatype": "boolean",
        "required": true,
        "dc:description": "Whether this vote is a main vote. We classify certain votes as main votes based on the text description in the voting records published by Parliament. For example, if Parliament has voted on amendments, only the vote on the text as a whole is classified as a main vote. Certain votes such as votes on the agenda are not classified as main votes. This is not an official classification by the European Parliament and there may be false negatives."
      },
      {
        "name": "procedure_reference",
        "datatype": "string",
        "required": false,
        "dc:description": "Procedure reference as listed in the Legislative Observatory"
      },
      {
        "name": "procedure_title",
        "datatype": "string",
        "required": false,
        "dc:description": "Title of the legislative procedure as listed in the Legislative Observatory"
      },
      {
        "name": "procedure_type",
        "datatype": "string",
        "required": false,
        "dc:description": "Procedure type as listed in the Legislative Observatory. This is a 3-letter code such as COD, RSP, or BUD."
      },
      {
        "name": "procedure_stage",
        "datatype": "string",
        "required": false,
        "dc:description": "Stage of the procedure in which the vote took place. One of `OLP_FIRST_READING`, `OLP_SECOND_READING`, `OLP_THIRD_READING`.This field is only available for votes starting in 2024 and if the vote is part of an Ordinary Legislative Procedure."
      },
      {
        "name": "count_for",
        "datatype": "integer",
        "required": true,
        "dc:description": "Number of MEPs who voted in favor"
      },
      {
        "name": "count_against",
        "datatype": "integer",
        "required": true,
        "dc:description": "Number of MEPs who voted against"
      },
      {
        "name": "count_abstention",
        "datatype": "integer",
        "required": true,
        "dc:description": "Number of MEPs who abstained"
      },
      {
        "name": "count_did_not_vote",
        "datatype": "integer",
        "required": true,
        "dc:description": "Number of MEPs who didn\u2019t participate in the vote"
      },
      {
        "name": "result",
        "datatype": "string",
        "required": false,
        "dc:description": "Vote result. One of `ADOPTED`, `REJECTED`, `LAPSED`. This field is only available for votes starting in 2024."
      }
    ]
  },
  "primaryKey": "id",
  "dialect": {
    "header": true
  }
}